{
  "timestamp": "2025-05-24T15:43:10.262125",
  "models": {
    "LightGBM_Fast": {
      "training_result": {
        "modelId": "da8b07db-855f-4802-bf48-c3fc608e753e",
        "modelName": "CreditCard_FraudDetection_LightGBM_20250524",
        "basicMetrics": {
          "accuracy": 0.9994557775359011,
          "precision": 0.845360824742268,
          "recall": 0.8367346938775511,
          "f1Score": 0.8410256410256411,
          "auc": 0.9766523132888496,
          "aucpr": 0.8704151858194851
        },
        "confusionMatrix": {
          "truePositive": 82,
          "trueNegative": 56849,
          "falsePositive": 15,
          "falseNegative": 16
        },
        "extendedMetrics": {
          "specificity": 0.9997362127180641,
          "sensitivity": 0.8367346938775511,
          "balancedAccuracy": 0.9182354532978076,
          "matthewsCorrCoef": 0.8407641638407611
        },
        "performanceSummary": {
          "overallScore": 0.939044577283464,
          "isGoodModel": true,
          "primaryWeakness": "Genel performans kabul edilebilir",
          "modelGrade": "A+"
        },
        "trainingTime": 10800.136618,
        "recommendations": []
      },
      "metrics_error": "Model ismi bulunamadı",
      "config": {
        "type": "lightgbm",
        "config": {
          "numberOfLeaves": 64,
          "minDataInLeaf": 20,
          "learningRate": 0.01,
          "numberOfTrees": 500,
          "featureFraction": 0.9,
          "baggingFraction": 0.9,
          "baggingFrequency": 3,
          "l1Regularization": 0.001,
          "l2Regularization": 0.001,
          "useClassWeights": true,
          "classWeights": {
            "0": 1.0,
            "1": 50.0
          }
        }
      }
    },
    "LightGBM_Accurate": {
      "training_result": {
        "modelId": "81e077de-78f7-4d41-9af3-65c01211e585",
        "modelName": "CreditCard_FraudDetection_LightGBM_20250524",
        "basicMetrics": {
          "accuracy": 0.9994733330992591,
          "precision": 0.8953488372093024,
          "recall": 0.7857142857142857,
          "f1Score": 0.8369565217391304,
          "auc": 0.982894202278548,
          "aucpr": 0.8648884710939173
        },
        "confusionMatrix": {
          "truePositive": 77,
          "trueNegative": 56855,
          "falsePositive": 9,
          "falseNegative": 21
        },
        "extendedMetrics": {
          "specificity": 0.9998417276308385,
          "sensitivity": 0.7857142857142857,
          "balancedAccuracy": 0.8927780066725621,
          "matthewsCorrCoef": 0.8384847146847502
        },
        "performanceSummary": {
          "overallScore": 0.9397746857056458,
          "isGoodModel": true,
          "primaryWeakness": "Genel performans kabul edilebilir",
          "modelGrade": "A+"
        },
        "trainingTime": 10800.148317,
        "recommendations": []
      },
      "metrics_error": "Model ismi bulunamadı",
      "config": {
        "type": "lightgbm",
        "config": {
          "numberOfLeaves": 256,
          "minDataInLeaf": 5,
          "learningRate": 0.002,
          "numberOfTrees": 2000,
          "featureFraction": 0.7,
          "baggingFraction": 0.7,
          "baggingFrequency": 7,
          "l1Regularization": 0.05,
          "l2Regularization": 0.05,
          "useClassWeights": true,
          "classWeights": {
            "0": 1.0,
            "1": 100.0
          }
        }
      }
    },
    "LightGBM_Balanced": {
      "training_result": {
        "modelId": "6157e5d9-d773-4df3-851f-8ffc89ef9f23",
        "modelName": "CreditCard_FraudDetection_LightGBM_20250524",
        "basicMetrics": {
          "accuracy": 0.9995611109160493,
          "precision": 0.9195402298850575,
          "recall": 0.8163265306122449,
          "f1Score": 0.8648648648648648,
          "auc": 0.9802547144350143,
          "aucpr": 0.8777111114072523
        },
        "confusionMatrix": {
          "truePositive": 80,
          "trueNegative": 56857,
          "falsePositive": 7,
          "falseNegative": 18
        },
        "extendedMetrics": {
          "specificity": 0.9998768992684299,
          "sensitivity": 0.8163265306122449,
          "balancedAccuracy": 0.9081017149403374,
          "matthewsCorrCoef": 0.8661833377604268
        },
        "performanceSummary": {
          "overallScore": 0.9482268967386428,
          "isGoodModel": true,
          "primaryWeakness": "Genel performans kabul edilebilir",
          "modelGrade": "A+"
        },
        "trainingTime": 10800.137265,
        "recommendations": []
      },
      "metrics_error": "Model ismi bulunamadı",
      "config": {
        "type": "lightgbm",
        "config": {
          "numberOfLeaves": 100,
          "minDataInLeaf": 15,
          "learningRate": 0.01,
          "numberOfTrees": 1500,
          "featureFraction": 0.8,
          "baggingFraction": 0.8,
          "baggingFrequency": 5,
          "l1Regularization": 0.02,
          "l2Regularization": 0.02,
          "useClassWeights": true,
          "classWeights": {
            "0": 1.0,
            "1": 80.0
          }
        }
      }
    },
    "PCA_Default": {
      "training_result": {
        "modelId": "da1d2a57-95ab-4b36-9ce5-547d882ab521",
        "modelName": "CreditCard_AnomalyDetection_PCA_20250524",
        "basicMetrics": {
          "accuracy": 0.9936624416277519,
          "precision": 0.15844155844155844,
          "recall": 0.6224489795918368,
          "f1Score": 0.2525879917184265,
          "auc": 0.948778969944759,
          "aucpr": 0.2580769444322298
        },
        "confusionMatrix": {
          "truePositive": 61,
          "trueNegative": 56540,
          "falsePositive": 324,
          "falseNegative": 37
        },
        "extendedMetrics": {
          "specificity": 0.9943021947101857,
          "sensitivity": 0.6224489795918368,
          "balancedAccuracy": 0.8083755871510112,
          "matthewsCorrCoef": 0.3119546068946014
        },
        "performanceSummary": {
          "overallScore": 0.7316764677636458,
          "isGoodModel": false,
          "primaryWeakness": "Yüksek False Positive oranı - Precision düşük",
          "modelGrade": "B"
        },
        "trainingTime": 10800.141501,
        "recommendations": [
          "Class weights ayarlarını gözden geçirin",
          "Fraud sınıfı için daha fazla özellik mühendisliği yapın"
        ]
      },
      "metrics_error": "Model ismi bulunamadı",
      "config": {
        "type": "pca",
        "config": {
          "componentCount": 15,
          "anomalyThreshold": 2.5,
          "scaleFeatures": true,
          "randomState": 42
        }
      }
    },
    "PCA_Sensitive": {
      "training_result": {
        "modelId": "4c3175d9-7270-4a93-b265-3e5ca55bfa8e",
        "modelName": "CreditCard_AnomalyDetection_PCA_20250524",
        "basicMetrics": {
          "accuracy": 0.9932059969804431,
          "precision": 0.15012106537530268,
          "recall": 0.6326530612244898,
          "f1Score": 0.2426614481409002,
          "auc": 0.9558195781126182,
          "aucpr": 0.27136259790688727
        },
        "confusionMatrix": {
          "truePositive": 62,
          "trueNegative": 56513,
          "falsePositive": 351,
          "falseNegative": 36
        },
        "extendedMetrics": {
          "specificity": 0.9938273776027012,
          "sensitivity": 0.6326530612244898,
          "balancedAccuracy": 0.8132402194135955,
          "matthewsCorrCoef": 0.3060213773943938
        },
        "performanceSummary": {
          "overallScore": 0.7305623410779871,
          "isGoodModel": false,
          "primaryWeakness": "Yüksek False Positive oranı - Precision düşük",
          "modelGrade": "B"
        },
        "trainingTime": 10800.141864,
        "recommendations": [
          "Class weights ayarlarını gözden geçirin",
          "Fraud sınıfı için daha fazla özellik mühendisliği yapın"
        ]
      },