{
  "timestamp": "2025-05-24T16:31:09.659150",
  "models": {
    "LightGBM_Quick": {
      "training_result": {
        "modelId": "91cf86bd-9f6a-4a85-83f2-994efb208e47",
        "modelName": "CreditCard_FraudDetection_LightGBM_20250524",
        "basicMetrics": {
          "accuracy": 0.9994557775359011,
          "precision": 0.845360824742268,
          "recall": 0.8367346938775511,
          "f1Score": 0.8410256410256411,
          "auc": 0.9766523132888496,
          "aucpr": 0.8704151858194851
        },
        "confusionMatrix": {
          "truePositive": 82,
          "trueNegative": 56849,
          "falsePositive": 15,
          "falseNegative": 16
        },
        "extendedMetrics": {
          "specificity": 0.9997362127180641,
          "sensitivity": 0.8367346938775511,
          "balancedAccuracy": 0.9182354532978076,
          "matthewsCorrCoef": 0.8407641638407611
        },
        "performanceSummary": {
          "overallScore": 0.939044577283464,
          "isGoodModel": true,
          "primaryWeakness": "Genel performans kabul edilebilir",
          "modelGrade": "A+"
        },
        "trainingTime": 10800.142469,
        "recommendations": []
      },
      "metrics_error": "Model ismi bulunamadı",
      "config": {
        "type": "lightgbm",
        "config": {
          "numberOfLeaves": 64,
          "minDataInLeaf": 20,
          "learningRate": 0.01,
          "numberOfTrees": 500,
          "featureFraction": 0.9,
          "baggingFraction": 0.9,
          "baggingFrequency": 3,
          "l1Regularization": 0.001,
          "l2Regularization": 0.001,
          "useClassWeights": true,
          "classWeights": {
            "0": 1.0,
            "1": 50.0
          }
        }
      }
    },
    "PCA_Quick": {
      "training_result": {
        "modelId": "a464f187-8e18-4e67-97a8-90eddb232403",
        "modelName": "CreditCard_AnomalyDetection_PCA_20250524",
        "basicMetrics": {
          "accuracy": 0.9936624416277519,
          "precision": 0.15844155844155844,
          "recall": 0.6224489795918368,
          "f1Score": 0.2525879917184265,
          "auc": 0.948778969944759,
          "aucpr": 0.2580769444322298
        },
        "confusionMatrix": {
          "truePositive": 61,
          "trueNegative": 56540,
          "falsePositive": 324,
          "falseNegative": 37
        },
        "extendedMetrics": {
          "specificity": 0.9943021947101857,
          "sensitivity": 0.6224489795918368,
          "balancedAccuracy": 0.8083755871510112,
          "matthewsCorrCoef": 0.3119546068946014
        },
        "performanceSummary": {
          "overallScore": 0.7316764677636458,
          "isGoodModel": false,
          "primaryWeakness": "Yüksek False Positive oranı - Precision düşük",
          "modelGrade": "B"
        },
        "trainingTime": 10800.140482,
        "recommendations": [
          "Class weights ayarlarını gözden geçirin",
          "Fraud sınıfı için daha fazla özellik mühendisliği yapın"
        ]
      },
      "metrics_error": "Model ismi bulunamadı",
      "config": {
        "type": "pca",
        "config": {
          "componentCount": 15,
          "anomalyThreshold": 2.5,
          "scaleFeatures": true,
          "randomState": 42
        }
      }
    },
    "Ensemble_Quick": {
      "training_result": {
        "modelId": "86270df0-2f01-4ff0-a048-d3a5865cbedc",
        "modelName": "CreditCard_Ensemble_20250524",
        "basicMetrics": {
          "accuracy": 0.9995084442259752,
          "precision": 0.9166666666666666,
          "recall": 0.7857142857142857,
          "f1Score": 0.8461538461538461,
          "auc": 0.9608871650798755,
          "aucpr": 0.8108563340893749
        },
        "confusionMatrix": {
          "truePositive": 77,
          "trueNegative": 56857,
          "falsePositive": 7,
          "falseNegative": 21
        },
        "extendedMetrics": {
          "specificity": 0.9998768992684299,
          "sensitivity": 0.7857142857142857,
          "balancedAccuracy": 0.8927955924913578,
          "matthewsCorrCoef": 0.848431024752505
        },
        "performanceSummary": {
          "overallScore": 0.9355164851532324,
          "isGoodModel": true,
          "primaryWeakness": "Genel performans kabul edilebilir",
          "modelGrade": "A+"
        },
        "trainingTime": 10800.140726,
        "recommendations": []
      },
      "metrics_error": "Model ismi bulunamadı",
      "config": {
        "type": "ensemble",
        "config": {
          "lightgbmWeight": 0.7,
          "pcaWeight": 0.3,
          "threshold": 0.5,
          "minConfidenceThreshold": 0.8,
          "enableCrossValidation": true,
          "crossValidationFolds": 5,
          "combinationStrategy": "WeightedAverage",
          "lightgbm": {
            "numberOfLeaves": 128,
            "minDataInLeaf": 10,
            "learningRate": 0.005,
            "numberOfTrees": 1000,
            "featureFraction": 0.8,
            "baggingFraction": 0.8,
            "baggingFrequency": 5,
            "l1Regularization": 0.01,
            "l2Regularization": 0.01,
            "earlyStoppingRound": 100,
            "minGainToSplit": 0.0005,
            "useClassWeights": true,
            "classWeights": {
              "0": 1.0,
              "1": 75.0
            },
            "predictionThreshold": 0.5
          },
          "pca": {
            "componentCount": 15,
            "anomalyThreshold": 2.5,
            "scaleFeatures": true,
            "randomState": 42
          }
        }
      }
    }
  },
  "comparisons": {},
  "recommendations": [
    "Ensemble modelini production ortamında kullanmayı düşünün",
    "Performans izleme sistemini kurun"
  ]
}