{
  "timestamp": "2025-05-24T16:39:12.255671",
  "models": {
    "LightGBM_Quick": {
      "training_result": {
        "modelId": "8c3f60b1-8963-4cde-bc45-dc067d110b32",
        "modelName": "CreditCard_FraudDetection_LightGBM_20250524",
        "basicMetrics": {
          "accuracy": 0.9994557775359011,
          "precision": 0.845360824742268,
          "recall": 0.8367346938775511,
          "f1Score": 0.8410256410256411,
          "auc": 0.9766523132888496,
          "aucpr": 0.8704151858194851
        },
        "confusionMatrix": {
          "truePositive": 82,
          "trueNegative": 56849,
          "falsePositive": 15,
          "falseNegative": 16
        },
        "extendedMetrics": {
          "specificity": 0.9997362127180641,
          "sensitivity": 0.8367346938775511,
          "balancedAccuracy": 0.9182354532978076,
          "matthewsCorrCoef": 0.8407641638407611
        },
        "performanceSummary": {
          "overallScore": 0.939044577283464,
          "isGoodModel": true,
          "primaryWeakness": "Genel performans kabul edilebilir",
          "modelGrade": "A+"
        },
        "trainingTime": 10800.142957,
        "recommendations": [],
        "metrics": {
          "basicMetrics": {
            "accuracy": 0.9994557775359011,
            "precision": 0.845360824742268,
            "recall": 0.8367346938775511,
            "f1Score": 0.8410256410256411,
            "auc": 0.9766523132888496,
            "aucpr": 0.8704151858194851
          },
          "confusionMatrix": {
            "truePositive": 82,
            "trueNegative": 56849,
            "falsePositive": 15,
            "falseNegative": 16
          },
          "extendedMetrics": {
            "specificity": 0.9997362127180641,
            "sensitivity": 0.8367346938775511,
            "balancedAccuracy": 0.9182354532978076,
            "matthewsCorrCoef": 0.8407641638407611
          },
          "performanceSummary": {
            "overallScore": 0.939044577283464,
            "isGoodModel": true,
            "primaryWeakness": "Genel performans kabul edilebilir",
            "modelGrade": "A+"
          }
        },
        "comparison_data": {
          "modelName": "CreditCard_FraudDetection_LightGBM_20250524",
          "overallScore": 0.939044577283464,
          "grade": "A+",
          "keyMetrics": {
            "accuracy": 0.9994557775359011,
            "precision": 0.845360824742268,
            "recall": 0.8367346938775511,
            "f1Score": 0.8410256410256411,
            "auc": 0.9766523132888496,
            "aucpr": 0.8704151858194851
          }
        },
        "ActualModelName": "CreditCard_FraudDetection_LightGBM_20250524"
      },
      "detailed_metrics": {
        "basicMetrics": {
          "accuracy": 0.9994557775359011,
          "precision": 0.845360824742268,
          "recall": 0.8367346938775511,
          "f1Score": 0.8410256410256411,
          "auc": 0.9766523132888496,
          "aucpr": 0.8704151858194851
        },
        "confusionMatrix": {
          "truePositive": 82,
          "trueNegative": 56849,
          "falsePositive": 15,
          "falseNegative": 16
        },
        "extendedMetrics": {
          "specificity": 0.9997362127180641,
          "sensitivity": 0.8367346938775511,
          "balancedAccuracy": 0.9182354532978076,
          "matthewsCorrCoef": 0.8407641638407611
        },
        "performanceSummary": {
          "overallScore": 0.939044577283464,
          "isGoodModel": true,
          "primaryWeakness": "Genel performans kabul edilebilir",
          "modelGrade": "A+"
        }
      },
      "config": {
        "type": "lightgbm",
        "config": {
          "numberOfLeaves": 64,
          "minDataInLeaf": 20,
          "learningRate": 0.01,
          "numberOfTrees": 500,
          "featureFraction": 0.9,
          "baggingFraction": 0.9,
          "baggingFrequency": 3,
          "l1Regularization": 0.001,
          "l2Regularization": 0.001,
          "useClassWeights": true,
          "classWeights": {
            "0": 1.0,
            "1": 50.0
          }
        }
      },
      "actual_model_name": "CreditCard_FraudDetection_LightGBM_20250524"
    },
    "PCA_Quick": {
      "training_result": {
        "modelId": "94a2f68e-35d9-4cd9-82af-095c52685447",
        "modelName": "CreditCard_AnomalyDetection_PCA_20250524",
        "basicMetrics": {
          "accuracy": 0.9936624416277519,
          "precision": 0.15844155844155844,
          "recall": 0.6224489795918368,
          "f1Score": 0.2525879917184265,
          "auc": 0.948778969944759,
          "aucpr": 0.2580769444322298
        },
        "confusionMatrix": {
          "truePositive": 61,
          "trueNegative": 56540,
          "falsePositive": 324,
          "falseNegative": 37
        },
        "extendedMetrics": {
          "specificity": 0.9943021947101857,
          "sensitivity": 0.6224489795918368,
          "balancedAccuracy": 0.8083755871510112,
          "matthewsCorrCoef": 0.3119546068946014
        },
        "performanceSummary": {
          "overallScore": 0.7316764677636458,
          "isGoodModel": false,
          "primaryWeakness": "Yüksek False Positive oranı - Precision düşük",
          "modelGrade": "B"
        },
        "trainingTime": 10800.141102,
        "recommendations": [
          "Class weights ayarlarını gözden geçirin",
          "Fraud sınıfı için daha fazla özellik mühendisliği yapın"
        ],
        "metrics": {
          "basicMetrics": {
            "accuracy": 0.9936624416277519,
            "precision": 0.15844155844155844,
            "recall": 0.6224489795918368,
            "f1Score": 0.2525879917184265,
            "auc": 0.948778969944759,
            "aucpr": 0.2580769444322298
          },
          "confusionMatrix": {
            "truePositive": 61,
            "trueNegative": 56540,
            "falsePositive": 324,
            "falseNegative": 37
          },
          "extendedMetrics": {
            "specificity": 0.9943021947101857,
            "sensitivity": 0.6224489795918368,
            "balancedAccuracy": 0.8083755871510112,
            "matthewsCorrCoef": 0.3119546068946014
          },
          "performanceSummary": {
            "overallScore": 0.7316764677636458,
            "isGoodModel": false,
            "primaryWeakness": "Yüksek False Positive oranı - Precision düşük",
            "modelGrade": "B"
          }
        },
        "comparison_data": {
          "modelName": "CreditCard_AnomalyDetection_PCA_20250524",
          "overallScore": 0.7316764677636458,
          "grade": "B",
          "keyMetrics": {
            "accuracy": 0.9936624416277519,
            "precision": 0.15844155844155844,
            "recall": 0.6224489795918368,
            "f1Score": 0.2525879917184265,
            "auc": 0.948778969944759,
            "aucpr": 0.2580769444322298
          }
        },
        "ActualModelName": "CreditCard_AnomalyDetection_PCA_20250524"
      },
      "detailed_metrics": {
        "basicMetrics": {
          "accuracy": 0.9936624416277519,
          "precision": 0.15844155844155844,
          "recall": 0.6224489795918368,
          "f1Score": 0.2525879917184265,
          "auc": 0.948778969944759,
          "aucpr": 0.2580769444322298
        },
        "confusionMatrix": {
          "truePositive": 61,
          "trueNegative": 56540,
          "falsePositive": 324,
          "falseNegative": 37
        },
        "extendedMetrics": {
          "specificity": 0.9943021947101857,
          "sensitivity": 0.6224489795918368,
          "balancedAccuracy": 0.8083755871510112,
          "matthewsCorrCoef": 0.3119546068946014
        },
        "performanceSummary": {
          "overallScore": 0.7316764677636458,
          "isGoodModel": false,
          "primaryWeakness": "Yüksek False Positive oranı - Precision düşük",
          "modelGrade": "B"
        }
      },
      "config": {
        "type": "pca",